Hour,Sampled_Price,AC_Power,Outdoor_Temperature,Indoor_Temperature,Dynamic_T_max
1,-1.0,12.0,28.0,21.047152,25.230506313024577
1,-0.9591836734693877,12.0,28.0,21.047152,25.179067989752383
1,-0.9183673469387755,12.0,28.0,21.047152,25.127734535604425
1,-0.8775510204081632,12.0,28.0,21.047152,25.07650573678032
1,-0.8367346938775511,12.0,28.0,21.047152,25.025381379915565
1,-0.7959183673469388,12.0,28.0,21.047152,24.97436125208065
1,-0.7551020408163265,12.0,28.0,21.047152,24.92344514078019
1,-0.7142857142857143,12.0,28.0,21.047152,24.87263283395199
1,-0.6734693877551021,1.9665008,28.0,22.949598,24.821924119966216
1,-0.6326530612244898,1.9665008,28.0,22.949598,24.771318787624484
1,-0.5918367346938775,1.9665008,28.0,22.949598,24.720816626158992
1,-0.5510204081632654,1.9665008,28.0,22.949598,24.67041742523164
1,-0.5102040816326531,1.9665008,28.0,22.949598,24.620120974933144
1,-0.4693877551020409,1.9665008,28.0,22.949598,24.569927065782167
1,-0.4285714285714286,0.0,28.0,23.322465,24.519835488724453
1,-0.3877551020408164,0.0,28.0,23.322465,24.469846035131965
1,-0.34693877551020413,0.0,28.0,23.322465,24.419958496801975
1,-0.30612244897959184,0.0,28.0,23.322465,24.37017266595626
1,-0.26530612244897966,0.0,28.0,23.322465,24.32048833524017
1,-0.22448979591836737,0.0,28.0,23.322465,24.27090529772182
1,-0.1836734693877552,0.0,28.0,23.322465,24.22142334689119
1,-0.1428571428571429,0.0,28.0,23.322465,24.172042276659283
1,-0.10204081632653073,0.0,28.0,23.322465,24.122761881357267
1,-0.061224489795918435,0.0,28.0,23.322465,24.073581955735605
1,-0.020408163265306145,0.0,28.0,23.322465,24.02450229496322
1,0.020408163265306145,0.0,28.0,23.322465,23.975522694626623
1,0.06122448979591821,0.0,28.0,23.322465,23.92664295072908
1,0.1020408163265305,0.0,28.0,23.322465,23.877862859689742
1,0.1428571428571428,0.0,28.0,23.322465,23.829182218342808
1,0.18367346938775508,0.0,28.0,23.322465,23.780600823936688
1,0.22448979591836715,0.0,28.0,23.322465,23.73211847413314
1,0.26530612244897944,0.0,28.0,23.322465,23.683734967006444
1,0.30612244897959173,0.0,28.0,23.322465,23.635450101042537
1,0.346938775510204,0.0,28.0,23.322465,23.58726367513821
1,0.3877551020408163,0.0,28.0,23.322465,23.539175488600236
1,0.4285714285714284,0.0,28.0,23.322465,23.491185341144558
1,0.46938775510204067,0.0,28.0,23.322465,23.443293032895436
1,0.510204081632653,0.0,28.0,23.322465,23.39549836438463
1,0.5510204081632653,0.0,28.0,23.322465,23.347801136550558
1,0.5918367346938773,0.1174199,28.0,23.300201,23.30020115073748
1,0.6326530612244896,0.36795034,28.0,23.252698,23.25269820869465
1,0.6734693877551019,0.61797001,28.0,23.205292,23.20529211257552
1,0.7142857142857142,0.86747996,28.0,23.157983,23.15798266493688
1,0.7551020408163265,1.1164812,28.0,23.11077,23.110769668738072
1,0.7959183673469385,1.3649748,28.0,23.063653,23.063652927340137
1,0.8367346938775508,1.6129618,28.0,23.016632,23.01663224450502
1,0.8775510204081631,1.8604433,28.0,22.969707,22.969707424394734
1,0.9183673469387754,2.1074201,28.0,22.922878,22.922878271570568
1,0.9591836734693877,2.3538935,28.0,22.876145,22.876144590992247
1,1.0,2.5998644,28.0,22.829506,22.829506188017135
2,-1.0,2.6135914,28.0,21.0,25.230506313024577
2,-0.9591836734693877,2.6135914,28.0,21.0,25.179067989752383
2,-0.9183673469387755,2.6135914,28.0,21.0,25.127734535604425
2,-0.8775510204081632,2.6135914,28.0,21.0,25.07650573678032
2,-0.8367346938775511,2.6135914,28.0,21.0,25.025381379915565
2,-0.7959183673469388,2.6135914,28.0,21.0,24.97436125208065
2,-0.7551020408163265,2.6135914,28.0,21.0,24.92344514078019
2,-0.7142857142857143,2.6135914,28.0,21.0,24.87263283395199
2,-0.6734693877551021,2.6135914,28.0,21.0,24.821924119966216
2,-0.6326530612244898,2.6135914,28.0,21.0,24.771318787624484
2,-0.5918367346938775,2.6135914,28.0,21.0,24.720816626158992
2,-0.5510204081632654,2.6135914,28.0,21.0,24.67041742523164
2,-0.5102040816326531,2.6135914,28.0,21.0,24.620120974933144
2,-0.4693877551020409,2.6135914,28.0,21.0,24.569927065782167
2,-0.4285714285714286,0.0,28.0,21.495562,24.519835488724453
2,-0.3877551020408164,0.0,28.0,21.495562,24.469846035131965
2,-0.34693877551020413,0.0,28.0,21.495562,24.419958496801975
2,-0.30612244897959184,0.0,28.0,21.495562,24.37017266595626
2,-0.26530612244897966,0.0,28.0,21.495562,24.32048833524017
2,-0.22448979591836737,0.0,28.0,21.495562,24.27090529772182
2,-0.1836734693877552,0.0,28.0,21.495562,24.22142334689119
2,-0.1428571428571429,0.0,28.0,21.495562,24.172042276659283
2,-0.10204081632653073,0.0,28.0,21.495562,24.122761881357267
2,-0.061224489795918435,0.0,28.0,21.495562,24.073581955735605
2,-0.020408163265306145,0.0,28.0,21.495562,24.02450229496322
2,0.020408163265306145,0.0,28.0,21.495562,23.975522694626623
2,0.06122448979591821,0.0,28.0,21.495562,23.92664295072908
2,0.1020408163265305,0.0,28.0,21.495562,23.877862859689742
2,0.1428571428571428,0.0,28.0,21.495562,23.829182218342808
2,0.18367346938775508,0.0,28.0,21.495562,23.780600823936688
2,0.22448979591836715,0.0,28.0,21.495562,23.73211847413314
2,0.26530612244897944,0.0,28.0,21.495562,23.683734967006444
2,0.30612244897959173,0.0,28.0,21.495562,23.635450101042537
2,0.346938775510204,0.0,28.0,21.495562,23.58726367513821
2,0.3877551020408163,0.0,28.0,21.495562,23.539175488600236
2,0.4285714285714284,0.0,28.0,21.495562,23.491185341144558
2,0.46938775510204067,0.0,28.0,21.495562,23.443293032895436
2,0.510204081632653,0.0,28.0,21.495562,23.39549836438463
2,0.5510204081632653,0.0,28.0,21.495562,23.347801136550558
2,0.5918367346938773,0.0,28.0,21.495562,23.30020115073748
2,0.6326530612244896,0.0,28.0,21.495562,23.25269820869465
2,0.6734693877551019,0.0,28.0,21.495562,23.20529211257552
2,0.7142857142857142,0.0,28.0,21.495562,23.15798266493688
2,0.7551020408163265,0.0,28.0,21.495562,23.110769668738072
2,0.7959183673469385,0.0,28.0,21.495562,23.063652927340137
2,0.8367346938775508,0.0,28.0,21.495562,23.01663224450502
2,0.8775510204081631,0.0,28.0,21.495562,22.969707424394734
2,0.9183673469387754,0.0,28.0,21.495562,22.922878271570568
2,0.9591836734693877,0.0,28.0,21.495562,22.876144590992247
2,1.0,0.0,28.0,21.495562,22.829506188017135
3,-1.0,4.8259854,28.0,21.0,25.230506313024577
3,-0.9591836734693877,4.8259854,28.0,21.0,25.179067989752383
3,-0.9183673469387755,4.8259854,28.0,21.0,25.127734535604425
3,-0.8775510204081632,4.8259854,28.0,21.0,25.07650573678032
3,-0.8367346938775511,4.8259854,28.0,21.0,25.025381379915565
3,-0.7959183673469388,2.3809524,28.0,21.0,24.97436125208065
3,-0.7551020408163265,2.3809524,28.0,21.0,24.92344514078019
3,-0.7142857142857143,2.3809524,28.0,21.0,24.87263283395199
3,-0.6734693877551021,2.3809524,28.0,21.0,24.821924119966216
3,-0.6326530612244898,2.3809524,28.0,21.0,24.771318787624484
3,-0.5918367346938775,2.3809524,28.0,21.0,24.720816626158992
3,-0.5510204081632654,2.3809524,28.0,21.0,24.67041742523164
3,-0.5102040816326531,2.3809524,28.0,21.0,24.620120974933144
3,-0.4693877551020409,2.3809524,28.0,21.0,24.569927065782167
3,-0.4285714285714286,2.3809524,28.0,21.0,24.519835488724453
3,-0.3877551020408164,2.3809524,28.0,21.0,24.469846035131965
3,-0.34693877551020413,2.3809524,28.0,21.0,24.419958496801975
3,-0.30612244897959184,2.3809524,28.0,21.0,24.37017266595626
3,-0.26530612244897966,2.3809524,28.0,21.0,24.32048833524017
3,-0.22448979591836737,0.0,28.0,21.451451,24.27090529772182
3,-0.1836734693877552,0.0,28.0,21.451451,24.22142334689119
3,-0.1428571428571429,0.0,28.0,21.451451,24.172042276659283
3,-0.10204081632653073,0.0,28.0,21.451451,24.122761881357267
3,-0.061224489795918435,0.0,28.0,21.451451,24.073581955735605
3,-0.020408163265306145,0.0,28.0,21.451451,24.02450229496322
3,0.020408163265306145,0.0,28.0,21.451451,23.975522694626623
3,0.06122448979591821,0.0,28.0,21.451451,23.92664295072908
3,0.1020408163265305,0.0,28.0,21.451451,23.877862859689742
3,0.1428571428571428,0.0,28.0,21.451451,23.829182218342808
3,0.18367346938775508,0.0,28.0,21.451451,23.780600823936688
3,0.22448979591836715,0.0,28.0,21.451451,23.73211847413314
3,0.26530612244897944,0.0,28.0,21.451451,23.683734967006444
3,0.30612244897959173,0.0,28.0,21.451451,23.635450101042537
3,0.346938775510204,0.0,28.0,21.451451,23.58726367513821
3,0.3877551020408163,0.0,28.0,21.451451,23.539175488600236
3,0.4285714285714284,0.0,28.0,21.451451,23.491185341144558
3,0.46938775510204067,0.0,28.0,21.451451,23.443293032895436
3,0.510204081632653,0.0,28.0,21.451451,23.39549836438463
3,0.5510204081632653,0.0,28.0,21.451451,23.347801136550558
3,0.5918367346938773,0.0,28.0,21.451451,23.30020115073748
3,0.6326530612244896,0.0,28.0,21.451451,23.25269820869465
3,0.6734693877551019,0.0,28.0,21.451451,23.20529211257552
3,0.7142857142857142,0.0,28.0,21.451451,23.15798266493688
3,0.7551020408163265,0.0,28.0,21.451451,23.110769668738072
3,0.7959183673469385,0.0,28.0,21.451451,23.063652927340137
3,0.8367346938775508,0.0,28.0,21.451451,23.01663224450502
3,0.8775510204081631,0.0,28.0,21.451451,22.969707424394734
3,0.9183673469387754,0.0,28.0,21.451451,22.922878271570568
3,0.9591836734693877,0.0,28.0,21.451451,22.876144590992247
3,1.0,0.0,28.0,21.451451,22.829506188017135
4,-1.0,6.8956954,28.0,21.0,25.230506313024577
4,-0.9591836734693877,6.8956954,28.0,21.0,25.179067989752383
4,-0.9183673469387755,6.8956954,28.0,21.0,25.127734535604425
4,-0.8775510204081632,6.8956954,28.0,21.0,25.07650573678032
4,-0.8367346938775511,4.60835,28.0,21.0,25.025381379915565
4,-0.7959183673469388,4.60835,28.0,21.0,24.97436125208065
4,-0.7551020408163265,4.60835,28.0,21.0,24.92344514078019
4,-0.7142857142857143,4.60835,28.0,21.0,24.87263283395199
4,-0.6734693877551021,4.60835,28.0,21.0,24.821924119966216
4,-0.6326530612244898,4.60835,28.0,21.0,24.771318787624484
4,-0.5918367346938775,4.60835,28.0,21.0,24.720816626158992
4,-0.5510204081632654,4.60835,28.0,21.0,24.67041742523164
4,-0.5102040816326531,2.3809524,28.0,21.0,24.620120974933144
4,-0.4693877551020409,2.3809524,28.0,21.0,24.569927065782167
4,-0.4285714285714286,2.3809524,28.0,21.0,24.519835488724453
4,-0.3877551020408164,2.3809524,28.0,21.0,24.469846035131965
4,-0.34693877551020413,2.3809524,28.0,21.0,24.419958496801975
4,-0.30612244897959184,2.3809524,28.0,21.0,24.37017266595626
4,-0.26530612244897966,2.3809524,28.0,21.0,24.32048833524017
4,-0.22448979591836737,0.0,28.0,21.451451,24.27090529772182
4,-0.1836734693877552,0.0,28.0,21.451451,24.22142334689119
4,-0.1428571428571429,0.0,28.0,21.451451,24.172042276659283
4,-0.10204081632653073,0.0,28.0,21.451451,24.122761881357267
4,-0.061224489795918435,0.0,28.0,21.451451,24.073581955735605
4,-0.020408163265306145,0.0,28.0,21.451451,24.02450229496322
4,0.020408163265306145,0.0,28.0,21.451451,23.975522694626623
4,0.06122448979591821,0.0,28.0,21.451451,23.92664295072908
4,0.1020408163265305,0.0,28.0,21.451451,23.877862859689742
4,0.1428571428571428,0.0,28.0,21.451451,23.829182218342808
4,0.18367346938775508,0.0,28.0,21.451451,23.780600823936688
4,0.22448979591836715,0.0,28.0,21.451451,23.73211847413314
4,0.26530612244897944,0.0,28.0,21.451451,23.683734967006444
4,0.30612244897959173,0.0,28.0,21.451451,23.635450101042537
4,0.346938775510204,0.0,28.0,21.451451,23.58726367513821
4,0.3877551020408163,0.0,28.0,21.451451,23.539175488600236
4,0.4285714285714284,0.0,28.0,21.451451,23.491185341144558
4,0.46938775510204067,0.0,28.0,21.451451,23.443293032895436
4,0.510204081632653,0.0,28.0,21.451451,23.39549836438463
4,0.5510204081632653,0.0,28.0,21.451451,23.347801136550558
4,0.5918367346938773,0.0,28.0,21.451451,23.30020115073748
4,0.6326530612244896,0.0,28.0,21.451451,23.25269820869465
4,0.6734693877551019,0.0,28.0,21.451451,23.20529211257552
4,0.7142857142857142,0.0,28.0,21.451451,23.15798266493688
4,0.7551020408163265,0.0,28.0,21.451451,23.110769668738072
4,0.7959183673469385,0.0,28.0,21.451451,23.063652927340137
4,0.8367346938775508,0.0,28.0,21.451451,23.01663224450502
4,0.8775510204081631,0.0,28.0,21.451451,22.969707424394734
4,0.9183673469387754,0.0,28.0,21.451451,22.922878271570568
4,0.9591836734693877,0.0,28.0,21.451451,22.876144590992247
4,1.0,0.0,28.0,21.451451,22.829506188017135
5,-1.0,9.0019917,28.0,21.0,25.230506313024577
5,-0.9591836734693877,9.0019917,28.0,21.0,25.179067989752383
5,-0.9183673469387755,9.0019917,28.0,21.0,25.127734535604425
5,-0.8775510204081632,6.862164,28.0,21.0,25.07650573678032
5,-0.8367346938775511,6.862164,28.0,21.0,25.025381379915565
5,-0.7959183673469388,6.862164,28.0,21.0,24.97436125208065
5,-0.7551020408163265,6.862164,28.0,21.0,24.92344514078019
5,-0.7142857142857143,6.862164,28.0,21.0,24.87263283395199
5,-0.6734693877551021,6.862164,28.0,21.0,24.821924119966216
5,-0.6326530612244898,6.862164,28.0,21.0,24.771318787624484
5,-0.5918367346938775,6.862164,28.0,21.0,24.720816626158992
5,-0.5510204081632654,4.778418,28.0,21.0,24.67041742523164
5,-0.5102040816326531,4.778418,28.0,21.0,24.620120974933144
5,-0.4693877551020409,4.778418,28.0,21.0,24.569927065782167
5,-0.4285714285714286,4.778418,28.0,21.0,24.519835488724453
5,-0.3877551020408164,4.778418,28.0,21.0,24.469846035131965
5,-0.34693877551020413,4.778418,28.0,21.0,24.419958496801975
5,-0.30612244897959184,4.778418,28.0,21.0,24.37017266595626
5,-0.26530612244897966,2.5510204,28.0,21.0,24.32048833524017
5,-0.22448979591836737,2.5510204,28.0,21.0,24.27090529772182
5,-0.1836734693877552,2.5510204,28.0,21.0,24.22142334689119
5,-0.1428571428571429,2.5510204,28.0,21.0,24.172042276659283
5,-0.10204081632653073,2.5510204,28.0,21.0,24.122761881357267
5,-0.061224489795918435,2.5510204,28.0,21.0,24.073581955735605
5,-0.020408163265306145,2.5510204,28.0,21.0,24.02450229496322
5,0.020408163265306145,2.5510204,28.0,21.0,23.975522694626623
5,0.06122448979591821,2.5510204,28.0,21.0,23.92664295072908
5,0.1020408163265305,2.5510204,28.0,21.0,23.877862859689742
5,0.1428571428571428,2.5510204,28.0,21.0,23.829182218342808
5,0.18367346938775508,2.5510204,28.0,21.0,23.780600823936688
5,0.22448979591836715,0.0,28.0,21.483698,23.73211847413314
5,0.26530612244897944,0.0,28.0,21.483698,23.683734967006444
5,0.30612244897959173,0.0,28.0,21.483698,23.635450101042537
5,0.346938775510204,0.0,28.0,21.483698,23.58726367513821
5,0.3877551020408163,0.0,28.0,21.483698,23.539175488600236
5,0.4285714285714284,0.0,28.0,21.483698,23.491185341144558
5,0.46938775510204067,0.0,28.0,21.483698,23.443293032895436
5,0.510204081632653,0.0,28.0,21.483698,23.39549836438463
5,0.5510204081632653,0.0,28.0,21.483698,23.347801136550558
5,0.5918367346938773,0.0,28.0,21.483698,23.30020115073748
5,0.6326530612244896,0.0,28.0,21.483698,23.25269820869465
5,0.6734693877551019,0.0,28.0,21.483698,23.20529211257552
5,0.7142857142857142,0.0,28.0,21.483698,23.15798266493688
5,0.7551020408163265,0.0,28.0,21.483698,23.110769668738072
5,0.7959183673469385,0.0,28.0,21.483698,23.063652927340137
5,0.8367346938775508,0.0,28.0,21.483698,23.01663224450502
5,0.8775510204081631,0.0,28.0,21.483698,22.969707424394734
5,0.9183673469387754,0.0,28.0,21.483698,22.922878271570568
5,0.9591836734693877,0.0,28.0,21.483698,22.876144590992247
5,1.0,0.0,28.0,21.483698,22.829506188017135
6,-1.0,11.142515,28.5,21.0,25.230506313024577
6,-0.9591836734693877,9.1406908,28.5,21.0,25.179067989752383
6,-0.9183673469387755,9.1406908,28.5,21.0,25.127734535604425
6,-0.8775510204081632,9.1406908,28.5,21.0,25.07650573678032
6,-0.8367346938775511,9.1406908,28.5,21.0,25.025381379915565
6,-0.7959183673469388,9.1406908,28.5,21.0,24.97436125208065
6,-0.7551020408163265,9.1406908,28.5,21.0,24.92344514078019
6,-0.7142857142857143,9.1406908,28.5,21.0,24.87263283395199
6,-0.6734693877551021,9.1406908,28.5,21.0,24.821924119966216
6,-0.6326530612244898,9.1406908,28.5,21.0,24.771318787624484
6,-0.5918367346938775,7.1913318,28.5,21.0,24.720816626158992
6,-0.5510204081632654,7.1913318,28.5,21.0,24.67041742523164
6,-0.5102040816326531,7.1913318,28.5,21.0,24.620120974933144
6,-0.4693877551020409,7.1913318,28.5,21.0,24.569927065782167
6,-0.4285714285714286,7.1913318,28.5,21.0,24.519835488724453
6,-0.3877551020408164,7.1913318,28.5,21.0,24.469846035131965
6,-0.34693877551020413,7.1913318,28.5,21.0,24.419958496801975
6,-0.30612244897959184,7.1913318,28.5,21.0,24.37017266595626
6,-0.26530612244897966,2.7210884,28.5,21.0,24.32048833524017
6,-0.22448979591836737,2.7210884,28.5,21.0,24.27090529772182
6,-0.1836734693877552,2.7210884,28.5,21.0,24.22142334689119
6,-0.1428571428571429,2.7210884,28.5,21.0,24.172042276659283
6,-0.10204081632653073,2.7210884,28.5,21.0,24.122761881357267
6,-0.061224489795918435,2.7210884,28.5,21.0,24.073581955735605
6,-0.020408163265306145,2.7210884,28.5,21.0,24.02450229496322
6,0.020408163265306145,2.7210884,28.5,21.0,23.975522694626623
6,0.06122448979591821,2.7210884,28.5,21.0,23.92664295072908
6,0.1020408163265305,2.7210884,28.5,21.0,23.877862859689742
6,0.1428571428571428,2.7210884,28.5,21.0,23.829182218342808
6,0.18367346938775508,2.7210884,28.5,21.0,23.780600823936688
6,0.22448979591836715,0.0,28.5,21.515944,23.73211847413314
6,0.26530612244897944,0.0,28.5,21.515944,23.683734967006444
6,0.30612244897959173,0.0,28.5,21.515944,23.635450101042537
6,0.346938775510204,0.0,28.5,21.515944,23.58726367513821
6,0.3877551020408163,0.0,28.5,21.515944,23.539175488600236
6,0.4285714285714284,0.0,28.5,21.515944,23.491185341144558
6,0.46938775510204067,0.0,28.5,21.515944,23.443293032895436
6,0.510204081632653,0.0,28.5,21.515944,23.39549836438463
6,0.5510204081632653,0.0,28.5,21.515944,23.347801136550558
6,0.5918367346938773,0.0,28.5,21.515944,23.30020115073748
6,0.6326530612244896,0.0,28.5,21.515944,23.25269820869465
6,0.6734693877551019,0.0,28.5,21.515944,23.20529211257552
6,0.7142857142857142,0.0,28.5,21.515944,23.15798266493688
6,0.7551020408163265,0.0,28.5,21.515944,23.110769668738072
6,0.7959183673469385,0.0,28.5,21.515944,23.063652927340137
6,0.8367346938775508,0.0,28.5,21.515944,23.01663224450502
6,0.8775510204081631,0.0,28.5,21.515944,22.969707424394734
6,0.9183673469387754,0.0,28.5,21.515944,22.922878271570568
6,0.9591836734693877,0.0,28.5,21.515944,22.876144590992247
6,1.0,0.0,28.5,21.515944,22.829506188017135
7,-1.0,11.442337,29.0,21.0,25.230506313024577
7,-0.9591836734693877,11.442337,29.0,21.0,25.179067989752383
7,-0.9183673469387755,11.442337,29.0,21.0,25.127734535604425
7,-0.8775510204081632,11.442337,29.0,21.0,25.07650573678032
7,-0.8367346938775511,11.442337,29.0,21.0,25.025381379915565
7,-0.7959183673469388,11.442337,29.0,21.0,24.97436125208065
7,-0.7551020408163265,11.442337,29.0,21.0,24.92344514078019
7,-0.7142857142857143,11.442337,29.0,21.0,24.87263283395199
7,-0.6734693877551021,11.442337,29.0,21.0,24.821924119966216
7,-0.6326530612244898,9.6186976,29.0,21.0,24.771318787624484
7,-0.5918367346938775,9.6186976,29.0,21.0,24.720816626158992
7,-0.5510204081632654,9.6186976,29.0,21.0,24.67041742523164
7,-0.5102040816326531,9.6186976,29.0,21.0,24.620120974933144
7,-0.4693877551020409,9.6186976,29.0,21.0,24.569927065782167
7,-0.4285714285714286,9.6186976,29.0,21.0,24.519835488724453
7,-0.3877551020408164,9.6186976,29.0,21.0,24.469846035131965
7,-0.34693877551020413,9.6186976,29.0,21.0,24.419958496801975
7,-0.30612244897959184,9.6186976,29.0,21.0,24.37017266595626
7,-0.26530612244897966,5.4367537,29.0,21.0,24.32048833524017
7,-0.22448979591836737,5.4367537,29.0,21.0,24.27090529772182
7,-0.1836734693877552,5.4367537,29.0,21.0,24.22142334689119
7,-0.1428571428571429,5.4367537,29.0,21.0,24.172042276659283
7,-0.10204081632653073,5.4367537,29.0,21.0,24.122761881357267
7,-0.061224489795918435,5.4367537,29.0,21.0,24.073581955735605
7,-0.020408163265306145,5.4367537,29.0,21.0,24.02450229496322
7,0.020408163265306145,5.4367537,29.0,21.0,23.975522694626623
7,0.06122448979591821,5.4367537,29.0,21.0,23.92664295072908
7,0.1020408163265305,5.4367537,29.0,21.0,23.877862859689742
7,0.1428571428571428,5.4367537,29.0,21.0,23.829182218342808
7,0.18367346938775508,5.4367537,29.0,21.0,23.780600823936688
7,0.22448979591836715,0.0,29.0,22.03086,23.73211847413314
7,0.26530612244897944,0.0,29.0,22.03086,23.683734967006444
7,0.30612244897959173,0.0,29.0,22.03086,23.635450101042537
7,0.346938775510204,0.0,29.0,22.03086,23.58726367513821
7,0.3877551020408163,0.0,29.0,22.03086,23.539175488600236
7,0.4285714285714284,0.0,29.0,22.03086,23.491185341144558
7,0.46938775510204067,0.0,29.0,22.03086,23.443293032895436
7,0.510204081632653,0.0,29.0,22.03086,23.39549836438463
7,0.5510204081632653,0.0,29.0,22.03086,23.347801136550558
7,0.5918367346938773,0.0,29.0,22.03086,23.30020115073748
7,0.6326530612244896,0.0,29.0,22.03086,23.25269820869465
7,0.6734693877551019,0.0,29.0,22.03086,23.20529211257552
7,0.7142857142857142,0.0,29.0,22.03086,23.15798266493688
7,0.7551020408163265,0.0,29.0,22.03086,23.110769668738072
7,0.7959183673469385,0.0,29.0,22.03086,23.063652927340137
7,0.8367346938775508,0.0,29.0,22.03086,23.01663224450502
7,0.8775510204081631,0.0,29.0,22.03086,22.969707424394734
7,0.9183673469387754,0.0,29.0,22.03086,22.922878271570568
7,0.9591836734693877,0.0,29.0,22.03086,22.876144590992247
7,1.0,0.0,29.0,22.03086,22.829506188017135
8,-1.0,12.0,29.5,21.0,25.230506313024577
8,-0.9591836734693877,12.0,29.5,21.0,25.179067989752383
8,-0.9183673469387755,12.0,29.5,21.0,25.127734535604425
8,-0.8775510204081632,12.0,29.5,21.0,25.07650573678032
8,-0.8367346938775511,12.0,29.5,21.0,25.025381379915565
8,-0.7959183673469388,12.0,29.5,21.0,24.97436125208065
8,-0.7551020408163265,12.0,29.5,21.0,24.92344514078019
8,-0.7142857142857143,12.0,29.5,21.0,24.87263283395199
8,-0.6734693877551021,12.0,29.5,21.0,24.821924119966216
8,-0.6326530612244898,12.0,29.5,21.0,24.771318787624484
8,-0.5918367346938775,12.0,29.5,21.0,24.720816626158992
8,-0.5510204081632654,12.0,29.5,21.0,24.67041742523164
8,-0.5102040816326531,12.0,29.5,21.0,24.620120974933144
8,-0.4693877551020409,12.0,29.5,21.0,24.569927065782167
8,-0.4285714285714286,12.0,29.5,21.0,24.519835488724453
8,-0.3877551020408164,12.0,29.5,21.0,24.469846035131965
8,-0.34693877551020413,12.0,29.5,21.0,24.419958496801975
8,-0.30612244897959184,10.235944,29.5,21.0,24.37017266595626
8,-0.26530612244897966,8.1473456,29.5,21.0,24.32048833524017
8,-0.22448979591836737,8.1473456,29.5,21.0,24.27090529772182
8,-0.1836734693877552,8.1473456,29.5,21.0,24.22142334689119
8,-0.1428571428571429,8.1473456,29.5,21.0,24.172042276659283
8,-0.10204081632653073,8.1473456,29.5,21.0,24.122761881357267
8,-0.061224489795918435,8.1473456,29.5,21.0,24.073581955735605
8,-0.020408163265306145,8.1473456,29.5,21.0,24.02450229496322
8,0.020408163265306145,8.1473456,29.5,21.0,23.975522694626623
8,0.06122448979591821,8.1473456,29.5,21.0,23.92664295072908
8,0.1020408163265305,8.1473456,29.5,21.0,23.877862859689742
8,0.1428571428571428,8.1473456,29.5,21.0,23.829182218342808
8,0.18367346938775508,8.1473456,29.5,21.0,23.780600823936688
8,0.22448979591836715,1.7763301,29.5,22.208005,23.73211847413314
8,0.26530612244897944,0.0,29.5,22.544814,23.683734967006444
8,0.30612244897959173,0.0,29.5,22.544814,23.635450101042537
8,0.346938775510204,0.0,29.5,22.544814,23.58726367513821
8,0.3877551020408163,0.0,29.5,22.544814,23.539175488600236
8,0.4285714285714284,0.0,29.5,22.544814,23.491185341144558
8,0.46938775510204067,0.0,29.5,22.544814,23.443293032895436
8,0.510204081632653,0.0,29.5,22.544814,23.39549836438463
8,0.5510204081632653,0.0,29.5,22.544814,23.347801136550558
8,0.5918367346938773,0.0,29.5,22.544814,23.30020115073748
8,0.6326530612244896,0.0,29.5,22.544814,23.25269820869465
8,0.6734693877551019,0.0,29.5,22.544814,23.20529211257552
8,0.7142857142857142,0.0,29.5,22.544814,23.15798266493688
8,0.7551020408163265,0.0,29.5,22.544814,23.110769668738072
8,0.7959183673469385,0.0,29.5,22.544814,23.063652927340137
8,0.8367346938775508,0.0,29.5,22.544814,23.01663224450502
8,0.8775510204081631,0.0,29.5,22.544814,22.969707424394734
8,0.9183673469387754,0.0,29.5,22.544814,22.922878271570568
8,0.9591836734693877,0.0,29.5,22.544814,22.876144590992247
8,1.0,0.0,29.5,22.544814,22.829506188017135
9,-1.0,12.0,30.0,21.0,25.230506313024577
9,-0.9591836734693877,12.0,30.0,21.0,25.179067989752383
9,-0.9183673469387755,12.0,30.0,21.0,25.127734535604425
9,-0.8775510204081632,12.0,30.0,21.0,25.07650573678032
9,-0.8367346938775511,12.0,30.0,21.0,25.025381379915565
9,-0.7959183673469388,12.0,30.0,21.0,24.97436125208065
9,-0.7551020408163265,12.0,30.0,21.0,24.92344514078019
9,-0.7142857142857143,12.0,30.0,21.0,24.87263283395199
9,-0.6734693877551021,12.0,30.0,21.0,24.821924119966216
9,-0.6326530612244898,12.0,30.0,21.0,24.771318787624484
9,-0.5918367346938775,12.0,30.0,21.0,24.720816626158992
9,-0.5510204081632654,12.0,30.0,21.0,24.67041742523164
9,-0.5102040816326531,12.0,30.0,21.0,24.620120974933144
9,-0.4693877551020409,12.0,30.0,21.0,24.569927065782167
9,-0.4285714285714286,12.0,30.0,21.0,24.519835488724453
9,-0.3877551020408164,12.0,30.0,21.0,24.469846035131965
9,-0.34693877551020413,12.0,30.0,21.0,24.419958496801975
9,-0.30612244897959184,10.853191,30.0,21.0,24.37017266595626
9,-0.26530612244897966,10.853191,30.0,21.0,24.32048833524017
9,-0.22448979591836737,10.853191,30.0,21.0,24.27090529772182
9,-0.1836734693877552,10.853191,30.0,21.0,24.22142334689119
9,-0.1428571428571429,10.853191,30.0,21.0,24.172042276659283
9,-0.10204081632653073,10.853191,30.0,21.0,24.122761881357267
9,-0.061224489795918435,10.853191,30.0,21.0,24.073581955735605
9,-0.020408163265306145,10.853191,30.0,21.0,24.02450229496322
9,0.020408163265306145,10.853191,30.0,21.0,23.975522694626623
9,0.06122448979591821,10.853191,30.0,21.0,23.92664295072908
9,0.1020408163265305,10.853191,30.0,21.0,23.877862859689742
9,0.1428571428571428,10.853191,30.0,21.0,23.829182218342808
9,0.18367346938775508,10.853191,30.0,21.0,23.780600823936688
9,0.22448979591836715,10.853191,30.0,21.0,23.73211847413314
9,0.26530612244897944,1.6617692,30.0,22.742781,23.683734967006444
9,0.30612244897959173,0.0,30.0,22.742781,23.635450101042537
9,0.346938775510204,0.0,30.0,22.742781,23.58726367513821
9,0.3877551020408163,0.0,30.0,22.742781,23.539175488600236
9,0.4285714285714284,0.0,30.0,22.742781,23.491185341144558
9,0.46938775510204067,0.0,30.0,22.742781,23.443293032895436
9,0.510204081632653,0.0,30.0,22.742781,23.39549836438463
9,0.5510204081632653,0.0,30.0,22.742781,23.347801136550558
9,0.5918367346938773,0.0,30.0,22.742781,23.30020115073748
9,0.6326530612244896,0.0,30.0,22.742781,23.25269820869465
9,0.6734693877551019,0.0,30.0,22.742781,23.20529211257552
9,0.7142857142857142,0.0,30.0,22.742781,23.15798266493688
9,0.7551020408163265,0.0,30.0,22.742781,23.110769668738072
9,0.7959183673469385,0.0,30.0,22.742781,23.063652927340137
9,0.8367346938775508,0.0,30.0,22.742781,23.01663224450502
9,0.8775510204081631,0.0,30.0,22.742781,22.969707424394734
9,0.9183673469387754,0.0,30.0,22.742781,22.922878271570568
9,0.9591836734693877,0.0,30.0,22.742781,22.876144590992247
9,1.0,0.0,30.0,22.742781,22.829506188017135
10,-1.0,12.0,30.5,21.0,25.230506313024577
10,-0.9591836734693877,12.0,30.5,21.0,25.179067989752383
10,-0.9183673469387755,12.0,30.5,21.0,25.127734535604425
10,-0.8775510204081632,12.0,30.5,21.0,25.07650573678032
10,-0.8367346938775511,12.0,30.5,21.0,25.025381379915565
10,-0.7959183673469388,12.0,30.5,21.0,24.97436125208065
10,-0.7551020408163265,12.0,30.5,21.0,24.92344514078019
10,-0.7142857142857143,12.0,30.5,21.0,24.87263283395199
10,-0.6734693877551021,12.0,30.5,21.0,24.821924119966216
10,-0.6326530612244898,12.0,30.5,21.0,24.771318787624484
10,-0.5918367346938775,12.0,30.5,21.0,24.720816626158992
10,-0.5510204081632654,12.0,30.5,21.0,24.67041742523164
10,-0.5102040816326531,12.0,30.5,21.0,24.620120974933144
10,-0.4693877551020409,12.0,30.5,21.0,24.569927065782167
10,-0.4285714285714286,12.0,30.5,21.0,24.519835488724453
10,-0.3877551020408164,12.0,30.5,21.0,24.469846035131965
10,-0.34693877551020413,12.0,30.5,21.0,24.419958496801975
10,-0.30612244897959184,12.0,30.5,21.0,24.37017266595626
10,-0.26530612244897966,12.0,30.5,21.0,24.32048833524017
10,-0.22448979591836737,12.0,30.5,21.0,24.27090529772182
10,-0.1836734693877552,12.0,30.5,21.0,24.22142334689119
10,-0.1428571428571429,12.0,30.5,21.0,24.172042276659283
10,-0.10204081632653073,12.0,30.5,21.0,24.122761881357267
10,-0.061224489795918435,12.0,30.5,21.0,24.073581955735605
10,-0.020408163265306145,12.0,30.5,21.0,24.02450229496322
10,0.020408163265306145,12.0,30.5,21.0,23.975522694626623
10,0.06122448979591821,12.0,30.5,21.0,23.92664295072908
10,0.1020408163265305,12.0,30.5,21.0,23.877862859689742
10,0.1428571428571428,12.0,30.5,21.0,23.829182218342808
10,0.18367346938775508,12.0,30.5,21.0,23.780600823936688
10,0.22448979591836715,12.0,30.5,21.0,23.73211847413314
10,0.26530612244897944,12.0,30.5,21.0,23.683734967006444
10,0.30612244897959173,3.4013605,30.5,21.0,23.635450101042537
10,0.346938775510204,3.4013605,30.5,21.0,23.58726367513821
10,0.3877551020408163,3.4013605,30.5,21.0,23.539175488600236
10,0.4285714285714284,3.4013605,30.5,21.0,23.491185341144558
10,0.46938775510204067,3.4013605,30.5,21.0,23.443293032895436
10,0.510204081632653,3.4013605,30.5,21.0,23.39549836438463
10,0.5510204081632653,3.4013605,30.5,21.0,23.347801136550558
10,0.5918367346938773,3.4013605,30.5,21.0,23.30020115073748
10,0.6326530612244896,3.4013605,30.5,21.0,23.25269820869465
10,0.6734693877551019,0.0,30.5,21.64493,23.20529211257552
10,0.7142857142857142,0.0,30.5,21.64493,23.15798266493688
10,0.7551020408163265,0.0,30.5,21.64493,23.110769668738072
10,0.7959183673469385,0.0,30.5,21.64493,23.063652927340137
10,0.8367346938775508,0.0,30.5,21.64493,23.01663224450502
10,0.8775510204081631,0.0,30.5,21.64493,22.969707424394734
10,0.9183673469387754,0.0,30.5,21.64493,22.922878271570568
10,0.9591836734693877,0.0,30.5,21.64493,22.876144590992247
10,1.0,0.0,30.5,21.64493,22.829506188017135
11,-1.0,12.0,31.0,21.0,25.230506313024577
11,-0.9591836734693877,12.0,31.0,21.0,25.179067989752383
11,-0.9183673469387755,12.0,31.0,21.0,25.127734535604425
11,-0.8775510204081632,12.0,31.0,21.0,25.07650573678032
11,-0.8367346938775511,12.0,31.0,21.0,25.025381379915565
11,-0.7959183673469388,12.0,31.0,21.0,24.97436125208065
11,-0.7551020408163265,12.0,31.0,21.0,24.92344514078019
11,-0.7142857142857143,12.0,31.0,21.0,24.87263283395199
11,-0.6734693877551021,12.0,31.0,21.0,24.821924119966216
11,-0.6326530612244898,12.0,31.0,21.0,24.771318787624484
11,-0.5918367346938775,12.0,31.0,21.0,24.720816626158992
11,-0.5510204081632654,12.0,31.0,21.0,24.67041742523164
11,-0.5102040816326531,12.0,31.0,21.0,24.620120974933144
11,-0.4693877551020409,12.0,31.0,21.0,24.569927065782167
11,-0.4285714285714286,12.0,31.0,21.0,24.519835488724453
11,-0.3877551020408164,12.0,31.0,21.0,24.469846035131965
11,-0.34693877551020413,12.0,31.0,21.0,24.419958496801975
11,-0.30612244897959184,12.0,31.0,21.0,24.37017266595626
11,-0.26530612244897966,12.0,31.0,21.0,24.32048833524017
11,-0.22448979591836737,12.0,31.0,21.0,24.27090529772182
11,-0.1836734693877552,12.0,31.0,21.0,24.22142334689119
11,-0.1428571428571429,12.0,31.0,21.0,24.172042276659283
11,-0.10204081632653073,12.0,31.0,21.0,24.122761881357267
11,-0.061224489795918435,12.0,31.0,21.0,24.073581955735605
11,-0.020408163265306145,12.0,31.0,21.0,24.02450229496322
11,0.020408163265306145,12.0,31.0,21.0,23.975522694626623
11,0.06122448979591821,12.0,31.0,21.0,23.92664295072908
11,0.1020408163265305,12.0,31.0,21.0,23.877862859689742
11,0.1428571428571428,12.0,31.0,21.0,23.829182218342808
11,0.18367346938775508,12.0,31.0,21.0,23.780600823936688
11,0.22448979591836715,12.0,31.0,21.0,23.73211847413314
11,0.26530612244897944,12.0,31.0,21.0,23.683734967006444
11,0.30612244897959173,3.5714286,31.0,21.0,23.635450101042537
11,0.346938775510204,3.5714286,31.0,21.0,23.58726367513821
11,0.3877551020408163,3.5714286,31.0,21.0,23.539175488600236
11,0.4285714285714284,3.5714286,31.0,21.0,23.491185341144558
11,0.46938775510204067,3.5714286,31.0,21.0,23.443293032895436
11,0.510204081632653,3.5714286,31.0,21.0,23.39549836438463
11,0.5510204081632653,3.5714286,31.0,21.0,23.347801136550558
11,0.5918367346938773,3.5714286,31.0,21.0,23.30020115073748
11,0.6326530612244896,3.5714286,31.0,21.0,23.25269820869465
11,0.6734693877551019,3.5714286,31.0,21.0,23.20529211257552
11,0.7142857142857142,0.0,31.0,21.677177,23.15798266493688
11,0.7551020408163265,0.0,31.0,21.677177,23.110769668738072
11,0.7959183673469385,0.0,31.0,21.677177,23.063652927340137
11,0.8367346938775508,0.0,31.0,21.677177,23.01663224450502
11,0.8775510204081631,0.0,31.0,21.677177,22.969707424394734
11,0.9183673469387754,0.0,31.0,21.677177,22.922878271570568
11,0.9591836734693877,0.0,31.0,21.677177,22.876144590992247
11,1.0,0.0,31.0,21.677177,22.829506188017135
12,-1.0,12.0,31.5,21.0,25.230506313024577
12,-0.9591836734693877,12.0,31.5,21.0,25.179067989752383
12,-0.9183673469387755,12.0,31.5,21.0,25.127734535604425
12,-0.8775510204081632,12.0,31.5,21.0,25.07650573678032
12,-0.8367346938775511,12.0,31.5,21.0,25.025381379915565
12,-0.7959183673469388,12.0,31.5,21.0,24.97436125208065
12,-0.7551020408163265,12.0,31.5,21.0,24.92344514078019
12,-0.7142857142857143,12.0,31.5,21.0,24.87263283395199
12,-0.6734693877551021,12.0,31.5,21.0,24.821924119966216
12,-0.6326530612244898,12.0,31.5,21.0,24.771318787624484
12,-0.5918367346938775,12.0,31.5,21.0,24.720816626158992
12,-0.5510204081632654,12.0,31.5,21.0,24.67041742523164
12,-0.5102040816326531,12.0,31.5,21.0,24.620120974933144
12,-0.4693877551020409,12.0,31.5,21.0,24.569927065782167
12,-0.4285714285714286,12.0,31.5,21.0,24.519835488724453
12,-0.3877551020408164,12.0,31.5,21.0,24.469846035131965
12,-0.34693877551020413,12.0,31.5,21.0,24.419958496801975
12,-0.30612244897959184,12.0,31.5,21.0,24.37017266595626
12,-0.26530612244897966,12.0,31.5,21.0,24.32048833524017
12,-0.22448979591836737,12.0,31.5,21.0,24.27090529772182
12,-0.1836734693877552,12.0,31.5,21.0,24.22142334689119
12,-0.1428571428571429,12.0,31.5,21.0,24.172042276659283
12,-0.10204081632653073,12.0,31.5,21.0,24.122761881357267
12,-0.061224489795918435,12.0,31.5,21.0,24.073581955735605
12,-0.020408163265306145,12.0,31.5,21.0,24.02450229496322
12,0.020408163265306145,12.0,31.5,21.0,23.975522694626623
12,0.06122448979591821,12.0,31.5,21.0,23.92664295072908
12,0.1020408163265305,12.0,31.5,21.0,23.877862859689742
12,0.1428571428571428,12.0,31.5,21.0,23.829182218342808
12,0.18367346938775508,12.0,31.5,21.0,23.780600823936688
12,0.22448979591836715,12.0,31.5,21.0,23.73211847413314
12,0.26530612244897944,12.0,31.5,21.0,23.683734967006444
12,0.30612244897959173,7.082593,31.5,21.0,23.635450101042537
12,0.346938775510204,7.082593,31.5,21.0,23.58726367513821
12,0.3877551020408163,7.082593,31.5,21.0,23.539175488600236
12,0.4285714285714284,7.082593,31.5,21.0,23.491185341144558
12,0.46938775510204067,7.082593,31.5,21.0,23.443293032895436
12,0.510204081632653,7.082593,31.5,21.0,23.39549836438463
12,0.5510204081632653,7.082593,31.5,21.0,23.347801136550558
12,0.5918367346938773,5.0985646,31.5,21.376191,23.30020115073748
12,0.6326530612244896,3.7617014,31.5,21.629672,23.25269820869465
12,0.6734693877551019,3.7617014,31.5,21.629672,23.20529211257552
12,0.7142857142857142,3.7617014,31.5,21.629672,23.15798266493688
12,0.7551020408163265,3.7617014,31.5,21.629672,23.110769668738072
12,0.7959183673469385,3.7617014,31.5,21.629672,23.063652927340137
12,0.8367346938775508,0.42060503,31.5,21.629672,23.01663224450502
12,0.8775510204081631,0.0,31.5,21.709423,22.969707424394734
12,0.9183673469387754,0.0,31.5,21.709423,22.922878271570568
12,0.9591836734693877,0.0,31.5,21.709423,22.876144590992247
12,1.0,0.0,31.5,21.709423,22.829506188017135
13,-1.0,12.0,32.0,21.0,25.230506313024577
13,-0.9591836734693877,12.0,32.0,21.0,25.179067989752383
13,-0.9183673469387755,12.0,32.0,21.0,25.127734535604425
13,-0.8775510204081632,12.0,32.0,21.0,25.07650573678032
13,-0.8367346938775511,12.0,32.0,21.0,25.025381379915565
13,-0.7959183673469388,12.0,32.0,21.0,24.97436125208065
13,-0.7551020408163265,12.0,32.0,21.0,24.92344514078019
13,-0.7142857142857143,12.0,32.0,21.0,24.87263283395199
13,-0.6734693877551021,12.0,32.0,21.0,24.821924119966216
13,-0.6326530612244898,12.0,32.0,21.0,24.771318787624484
13,-0.5918367346938775,12.0,32.0,21.0,24.720816626158992
13,-0.5510204081632654,12.0,32.0,21.0,24.67041742523164
13,-0.5102040816326531,12.0,32.0,21.0,24.620120974933144
13,-0.4693877551020409,12.0,32.0,21.0,24.569927065782167
13,-0.4285714285714286,12.0,32.0,21.0,24.519835488724453
13,-0.3877551020408164,12.0,32.0,21.0,24.469846035131965
13,-0.34693877551020413,12.0,32.0,21.0,24.419958496801975
13,-0.30612244897959184,12.0,32.0,21.0,24.37017266595626
13,-0.26530612244897966,12.0,32.0,21.0,24.32048833524017
13,-0.22448979591836737,12.0,32.0,21.0,24.27090529772182
13,-0.1836734693877552,12.0,32.0,21.0,24.22142334689119
13,-0.1428571428571429,12.0,32.0,21.0,24.172042276659283
13,-0.10204081632653073,12.0,32.0,21.0,24.122761881357267
13,-0.061224489795918435,12.0,32.0,21.0,24.073581955735605
13,-0.020408163265306145,12.0,32.0,21.0,24.02450229496322
13,0.020408163265306145,12.0,32.0,21.0,23.975522694626623
13,0.06122448979591821,12.0,32.0,21.0,23.92664295072908
13,0.1020408163265305,12.0,32.0,21.0,23.877862859689742
13,0.1428571428571428,12.0,32.0,21.0,23.829182218342808
13,0.18367346938775508,12.0,32.0,21.0,23.780600823936688
13,0.22448979591836715,12.0,32.0,21.0,23.73211847413314
13,0.26530612244897944,12.0,32.0,21.0,23.683734967006444
13,0.30612244897959173,11.47004,32.0,21.0,23.635450101042537
13,0.346938775510204,10.197244,32.0,21.0,23.58726367513821
13,0.3877551020408163,10.197244,32.0,21.0,23.539175488600236
13,0.4285714285714284,10.197244,32.0,21.0,23.491185341144558
13,0.46938775510204067,10.197244,32.0,21.0,23.443293032895436
13,0.510204081632653,10.197244,32.0,21.0,23.39549836438463
13,0.5510204081632653,10.197244,32.0,21.0,23.347801136550558
13,0.5918367346938773,10.197244,32.0,21.0,23.30020115073748
13,0.6326530612244896,4.7697428,32.0,22.029106,23.25269820869465
13,0.6734693877551019,3.5190979,32.0,22.26624,23.20529211257552
13,0.7142857142857142,3.5190979,32.0,22.26624,23.15798266493688
13,0.7551020408163265,3.5190979,32.0,22.26624,23.110769668738072
13,0.7959183673469385,3.5190979,32.0,22.26624,23.063652927340137
13,0.8367346938775508,0.0,32.0,22.26624,23.01663224450502
13,0.8775510204081631,0.0,32.0,22.26624,22.969707424394734
13,0.9183673469387754,0.0,32.0,22.26624,22.922878271570568
13,0.9591836734693877,0.0,32.0,22.26624,22.876144590992247
13,1.0,0.0,32.0,22.26624,22.829506188017135
14,-1.0,12.0,31.5,21.081132,25.230506313024577
14,-0.9591836734693877,12.0,31.5,21.081132,25.179067989752383
14,-0.9183673469387755,12.0,31.5,21.081132,25.127734535604425
14,-0.8775510204081632,12.0,31.5,21.081132,25.07650573678032
14,-0.8367346938775511,12.0,31.5,21.081132,25.025381379915565
14,-0.7959183673469388,12.0,31.5,21.081132,24.97436125208065
14,-0.7551020408163265,12.0,31.5,21.081132,24.92344514078019
14,-0.7142857142857143,12.0,31.5,21.081132,24.87263283395199
14,-0.6734693877551021,12.0,31.5,21.081132,24.821924119966216
14,-0.6326530612244898,12.0,31.5,21.081132,24.771318787624484
14,-0.5918367346938775,12.0,31.5,21.081132,24.720816626158992
14,-0.5510204081632654,12.0,31.5,21.081132,24.67041742523164
14,-0.5102040816326531,12.0,31.5,21.081132,24.620120974933144
14,-0.4693877551020409,12.0,31.5,21.081132,24.569927065782167
14,-0.4285714285714286,12.0,31.5,21.081132,24.519835488724453
14,-0.3877551020408164,12.0,31.5,21.081132,24.469846035131965
14,-0.34693877551020413,12.0,31.5,21.081132,24.419958496801975
14,-0.30612244897959184,12.0,31.5,21.081132,24.37017266595626
14,-0.26530612244897966,12.0,31.5,21.081132,24.32048833524017
14,-0.22448979591836737,12.0,31.5,21.081132,24.27090529772182
14,-0.1836734693877552,12.0,31.5,21.081132,24.22142334689119
14,-0.1428571428571429,12.0,31.5,21.081132,24.172042276659283
14,-0.10204081632653073,12.0,31.5,21.081132,24.122761881357267
14,-0.061224489795918435,12.0,31.5,21.081132,24.073581955735605
14,-0.020408163265306145,12.0,31.5,21.081132,24.02450229496322
14,0.020408163265306145,12.0,31.5,21.081132,23.975522694626623
14,0.06122448979591821,12.0,31.5,21.081132,23.92664295072908
14,0.1020408163265305,12.0,31.5,21.081132,23.877862859689742
14,0.1428571428571428,12.0,31.5,21.081132,23.829182218342808
14,0.18367346938775508,12.0,31.5,21.081132,23.780600823936688
14,0.22448979591836715,12.0,31.5,21.081132,23.73211847413314
14,0.26530612244897944,12.0,31.5,21.081132,23.683734967006444
14,0.30612244897959173,12.0,31.5,21.081132,23.635450101042537
14,0.346938775510204,12.0,31.5,21.081132,23.58726367513821
14,0.3877551020408163,12.0,31.5,21.081132,23.539175488600236
14,0.4285714285714284,12.0,31.5,21.081132,23.491185341144558
14,0.46938775510204067,12.0,31.5,21.081132,23.443293032895436
14,0.510204081632653,11.106683,31.5,21.250514,23.39549836438463
14,0.5510204081632653,11.106683,31.5,21.250514,23.347801136550558
14,0.5918367346938773,11.106683,31.5,21.250514,23.30020115073748
14,0.6326530612244896,11.106683,31.5,21.250514,23.25269820869465
14,0.6734693877551019,3.9490665,31.5,22.607666,23.20529211257552
14,0.7142857142857142,1.0466951,31.5,23.157983,23.15798266493688
14,0.7551020408163265,1.2956964,31.5,23.11077,23.110769668738072
14,0.7959183673469385,1.54419,31.5,23.063653,23.063652927340137
14,0.8367346938775508,1.792177,31.5,23.016632,23.01663224450502
14,0.8775510204081631,0.0,31.5,22.969707,22.969707424394734
14,0.9183673469387754,0.0,31.5,22.922878,22.922878271570568
14,0.9591836734693877,0.0,31.5,22.876145,22.876144590992247
14,1.0,0.0,31.5,22.829506,22.829506188017135
15,-1.0,12.0,31.0,21.048886,25.230506313024577
15,-0.9591836734693877,12.0,31.0,21.048886,25.179067989752383
15,-0.9183673469387755,12.0,31.0,21.048886,25.127734535604425
15,-0.8775510204081632,12.0,31.0,21.048886,25.07650573678032
15,-0.8367346938775511,12.0,31.0,21.048886,25.025381379915565
15,-0.7959183673469388,12.0,31.0,21.048886,24.97436125208065
15,-0.7551020408163265,12.0,31.0,21.048886,24.92344514078019
15,-0.7142857142857143,12.0,31.0,21.048886,24.87263283395199
15,-0.6734693877551021,12.0,31.0,21.048886,24.821924119966216
15,-0.6326530612244898,12.0,31.0,21.048886,24.771318787624484
15,-0.5918367346938775,12.0,31.0,21.048886,24.720816626158992
15,-0.5510204081632654,12.0,31.0,21.048886,24.67041742523164
15,-0.5102040816326531,12.0,31.0,21.048886,24.620120974933144
15,-0.4693877551020409,12.0,31.0,21.048886,24.569927065782167
15,-0.4285714285714286,12.0,31.0,21.048886,24.519835488724453
15,-0.3877551020408164,12.0,31.0,21.048886,24.469846035131965
15,-0.34693877551020413,12.0,31.0,21.048886,24.419958496801975
15,-0.30612244897959184,12.0,31.0,21.048886,24.37017266595626
15,-0.26530612244897966,12.0,31.0,21.048886,24.32048833524017
15,-0.22448979591836737,12.0,31.0,21.048886,24.27090529772182
15,-0.1836734693877552,12.0,31.0,21.048886,24.22142334689119
15,-0.1428571428571429,12.0,31.0,21.048886,24.172042276659283
15,-0.10204081632653073,12.0,31.0,21.048886,24.122761881357267
15,-0.061224489795918435,12.0,31.0,21.048886,24.073581955735605
15,-0.020408163265306145,12.0,31.0,21.048886,24.02450229496322
15,0.020408163265306145,12.0,31.0,21.048886,23.975522694626623
15,0.06122448979591821,12.0,31.0,21.048886,23.92664295072908
15,0.1020408163265305,12.0,31.0,21.048886,23.877862859689742
15,0.1428571428571428,12.0,31.0,21.048886,23.829182218342808
15,0.18367346938775508,12.0,31.0,21.048886,23.780600823936688
15,0.22448979591836715,12.0,31.0,21.048886,23.73211847413314
15,0.26530612244897944,12.0,31.0,21.048886,23.683734967006444
15,0.30612244897959173,11.492067,31.0,21.145195,23.635450101042537
15,0.346938775510204,9.0645921,31.0,21.605467,23.58726367513821
15,0.3877551020408163,9.0645921,31.0,21.605467,23.539175488600236
15,0.4285714285714284,9.0645921,31.0,21.605467,23.491185341144558
15,0.46938775510204067,9.0645921,31.0,21.605467,23.443293032895436
15,0.510204081632653,9.0645921,31.0,21.605467,23.39549836438463
15,0.5510204081632653,7.7905308,31.0,21.847041,23.347801136550558
15,0.5918367346938773,7.7905308,31.0,21.847041,23.30020115073748
15,0.6326530612244896,7.7905308,31.0,21.847041,23.25269820869465
15,0.6734693877551019,7.7905308,31.0,21.847041,23.20529211257552
15,0.7142857142857142,0.8766271,31.0,23.157983,23.15798266493688
15,0.7551020408163265,1.1256284,31.0,23.11077,23.110769668738072
15,0.7959183673469385,1.374122,31.0,23.063653,23.063652927340137
15,0.8367346938775508,1.622109,31.0,23.016632,23.01663224450502
15,0.8775510204081631,1.8695904,31.0,22.969707,22.969707424394734
15,0.9183673469387754,0.0,31.0,22.922878,22.922878271570568
15,0.9591836734693877,0.0,31.0,22.876145,22.876144590992247
15,1.0,0.0,31.0,22.829506,22.829506188017135
16,-1.0,12.0,30.5,21.220786,25.230506313024577
16,-0.9591836734693877,12.0,30.5,21.220786,25.179067989752383
16,-0.9183673469387755,12.0,30.5,21.220786,25.127734535604425
16,-0.8775510204081632,12.0,30.5,21.220786,25.07650573678032
16,-0.8367346938775511,12.0,30.5,21.220786,25.025381379915565
16,-0.7959183673469388,12.0,30.5,21.220786,24.97436125208065
16,-0.7551020408163265,12.0,30.5,21.220786,24.92344514078019
16,-0.7142857142857143,12.0,30.5,21.220786,24.87263283395199
16,-0.6734693877551021,12.0,30.5,21.220786,24.821924119966216
16,-0.6326530612244898,12.0,30.5,21.220786,24.771318787624484
16,-0.5918367346938775,12.0,30.5,21.220786,24.720816626158992
16,-0.5510204081632654,12.0,30.5,21.220786,24.67041742523164
16,-0.5102040816326531,12.0,30.5,21.220786,24.620120974933144
16,-0.4693877551020409,12.0,30.5,21.220786,24.569927065782167
16,-0.4285714285714286,12.0,30.5,21.220786,24.519835488724453
16,-0.3877551020408164,12.0,30.5,21.220786,24.469846035131965
16,-0.34693877551020413,12.0,30.5,21.220786,24.419958496801975
16,-0.30612244897959184,12.0,30.5,21.220786,24.37017266595626
16,-0.26530612244897966,12.0,30.5,21.220786,24.32048833524017
16,-0.22448979591836737,12.0,30.5,21.220786,24.27090529772182
16,-0.1836734693877552,12.0,30.5,21.220786,24.22142334689119
16,-0.1428571428571429,12.0,30.5,21.220786,24.172042276659283
16,-0.10204081632653073,12.0,30.5,21.220786,24.122761881357267
16,-0.061224489795918435,12.0,30.5,21.220786,24.073581955735605
16,-0.020408163265306145,12.0,30.5,21.220786,24.02450229496322
16,0.020408163265306145,12.0,30.5,21.220786,23.975522694626623
16,0.06122448979591821,12.0,30.5,21.220786,23.92664295072908
16,0.1020408163265305,12.0,30.5,21.220786,23.877862859689742
16,0.1428571428571428,12.0,30.5,21.220786,23.829182218342808
16,0.18367346938775508,12.0,30.5,21.220786,23.780600823936688
16,0.22448979591836715,12.0,30.5,21.220786,23.73211847413314
16,0.26530612244897944,12.0,30.5,21.220786,23.683734967006444
16,0.30612244897959173,12.0,30.5,21.220786,23.635450101042537
16,0.346938775510204,7.4560479,30.5,22.082363,23.58726367513821
16,0.3877551020408163,7.4560479,30.5,22.082363,23.539175488600236
16,0.4285714285714284,7.4560479,30.5,22.082363,23.491185341144558
16,0.46938775510204067,7.4560479,30.5,22.082363,23.443293032895436
16,0.510204081632653,7.4560479,30.5,22.082363,23.39549836438463
16,0.5510204081632653,7.4560479,30.5,22.082363,23.347801136550558
16,0.5918367346938773,6.2641546,30.5,22.308357,23.30020115073748
16,0.6326530612244896,6.2641546,30.5,22.308357,23.25269820869465
16,0.6734693877551019,6.2641546,30.5,22.308357,23.20529211257552
16,0.7142857142857142,6.2641546,30.5,22.308357,23.15798266493688
16,0.7551020408163265,6.2641546,30.5,22.308357,23.110769668738072
16,0.7959183673469385,6.2641546,30.5,22.308357,23.063652927340137
16,0.8367346938775508,0.0,30.5,22.308357,23.01663224450502
16,0.8775510204081631,0.0,30.5,22.308357,22.969707424394734
16,0.9183673469387754,0.0,30.5,22.308357,22.922878271570568
16,0.9591836734693877,0.0,30.5,22.308357,22.876144590992247
16,1.0,0.0,30.5,22.308357,22.829506188017135
17,-1.0,12.0,29.0,21.0918,25.230506313024577
17,-0.9591836734693877,12.0,29.0,21.0918,25.179067989752383
17,-0.9183673469387755,12.0,29.0,21.0918,25.127734535604425
17,-0.8775510204081632,12.0,29.0,21.0918,25.07650573678032
17,-0.8367346938775511,12.0,29.0,21.0918,25.025381379915565
17,-0.7959183673469388,12.0,29.0,21.0918,24.97436125208065
17,-0.7551020408163265,12.0,29.0,21.0918,24.92344514078019
17,-0.7142857142857143,12.0,29.0,21.0918,24.87263283395199
17,-0.6734693877551021,12.0,29.0,21.0918,24.821924119966216
17,-0.6326530612244898,12.0,29.0,21.0918,24.771318787624484
17,-0.5918367346938775,12.0,29.0,21.0918,24.720816626158992
17,-0.5510204081632654,12.0,29.0,21.0918,24.67041742523164
17,-0.5102040816326531,12.0,29.0,21.0918,24.620120974933144
17,-0.4693877551020409,12.0,29.0,21.0918,24.569927065782167
17,-0.4285714285714286,12.0,29.0,21.0918,24.519835488724453
17,-0.3877551020408164,12.0,29.0,21.0918,24.469846035131965
17,-0.34693877551020413,12.0,29.0,21.0918,24.419958496801975
17,-0.30612244897959184,12.0,29.0,21.0918,24.37017266595626
17,-0.26530612244897966,12.0,29.0,21.0918,24.32048833524017
17,-0.22448979591836737,12.0,29.0,21.0918,24.27090529772182
17,-0.1836734693877552,12.0,29.0,21.0918,24.22142334689119
17,-0.1428571428571429,12.0,29.0,21.0918,24.172042276659283
17,-0.10204081632653073,12.0,29.0,21.0918,24.122761881357267
17,-0.061224489795918435,12.0,29.0,21.0918,24.073581955735605
17,-0.020408163265306145,12.0,29.0,21.0918,24.02450229496322
17,0.020408163265306145,12.0,29.0,21.0918,23.975522694626623
17,0.06122448979591821,12.0,29.0,21.0918,23.92664295072908
17,0.1020408163265305,12.0,29.0,21.0918,23.877862859689742
17,0.1428571428571428,12.0,29.0,21.0918,23.829182218342808
17,0.18367346938775508,12.0,29.0,21.0918,23.780600823936688
17,0.22448979591836715,12.0,29.0,21.0918,23.73211847413314
17,0.26530612244897944,12.0,29.0,21.0918,23.683734967006444
17,0.30612244897959173,12.0,29.0,21.0918,23.635450101042537
17,0.346938775510204,7.2275712,29.0,21.996698,23.58726367513821
17,0.3877551020408163,5.10311,29.0,22.399516,23.539175488600236
17,0.4285714285714284,5.10311,29.0,22.399516,23.491185341144558
17,0.46938775510204067,5.10311,29.0,22.399516,23.443293032895436
17,0.510204081632653,5.10311,29.0,22.399516,23.39549836438463
17,0.5510204081632653,5.10311,29.0,22.399516,23.347801136550558
17,0.5918367346938773,5.10311,29.0,22.399516,23.30020115073748
17,0.6326530612244896,3.9880855,29.0,22.610935,23.25269820869465
17,0.6734693877551019,3.9880855,29.0,22.610935,23.20529211257552
17,0.7142857142857142,3.9880855,29.0,22.610935,23.15798266493688
17,0.7551020408163265,3.9880855,29.0,22.610935,23.110769668738072
17,0.7959183673469385,3.9880855,29.0,22.610935,23.063652927340137
17,0.8367346938775508,0.0,29.0,22.610935,23.01663224450502
17,0.8775510204081631,0.0,29.0,22.610935,22.969707424394734
17,0.9183673469387754,0.0,29.0,22.610935,22.922878271570568
17,0.9591836734693877,0.0,29.0,22.610935,22.876144590992247
17,1.0,0.0,29.0,22.610935,22.829506188017135
18,-1.0,10.727212,27.0,21.0,25.230506313024577
18,-0.9591836734693877,10.727212,27.0,21.0,25.179067989752383
18,-0.9183673469387755,10.727212,27.0,21.0,25.127734535604425
18,-0.8775510204081632,10.727212,27.0,21.0,25.07650573678032
18,-0.8367346938775511,10.727212,27.0,21.0,25.025381379915565
18,-0.7959183673469388,10.727212,27.0,21.0,24.97436125208065
18,-0.7551020408163265,10.727212,27.0,21.0,24.92344514078019
18,-0.7142857142857143,10.727212,27.0,21.0,24.87263283395199
18,-0.6734693877551021,10.727212,27.0,21.0,24.821924119966216
18,-0.6326530612244898,10.727212,27.0,21.0,24.771318787624484
18,-0.5918367346938775,10.727212,27.0,21.0,24.720816626158992
18,-0.5510204081632654,10.727212,27.0,21.0,24.67041742523164
18,-0.5102040816326531,10.727212,27.0,21.0,24.620120974933144
18,-0.4693877551020409,10.727212,27.0,21.0,24.569927065782167
18,-0.4285714285714286,10.727212,27.0,21.0,24.519835488724453
18,-0.3877551020408164,10.727212,27.0,21.0,24.469846035131965
18,-0.34693877551020413,10.727212,27.0,21.0,24.419958496801975
18,-0.30612244897959184,10.727212,27.0,21.0,24.37017266595626
18,-0.26530612244897966,10.727212,27.0,21.0,24.32048833524017
18,-0.22448979591836737,10.727212,27.0,21.0,24.27090529772182
18,-0.1836734693877552,10.727212,27.0,21.0,24.22142334689119
18,-0.1428571428571429,10.727212,27.0,21.0,24.172042276659283
18,-0.10204081632653073,10.727212,27.0,21.0,24.122761881357267
18,-0.061224489795918435,10.727212,27.0,21.0,24.073581955735605
18,-0.020408163265306145,10.727212,27.0,21.0,24.02450229496322
18,0.020408163265306145,8.6194146,27.0,21.399658,23.975522694626623
18,0.06122448979591821,8.6194146,27.0,21.399658,23.92664295072908
18,0.1020408163265305,8.6194146,27.0,21.399658,23.877862859689742
18,0.1428571428571428,8.6194146,27.0,21.399658,23.829182218342808
18,0.18367346938775508,8.6194146,27.0,21.399658,23.780600823936688
18,0.22448979591836715,8.6194146,27.0,21.399658,23.73211847413314
18,0.26530612244897944,8.6194146,27.0,21.399658,23.683734967006444
18,0.30612244897959173,8.6194146,27.0,21.399658,23.635450101042537
18,0.346938775510204,6.2890413,27.0,21.841519,23.58726367513821
18,0.3877551020408163,2.1215125,27.0,22.631722,23.539175488600236
18,0.4285714285714284,2.1215125,27.0,22.631722,23.491185341144558
18,0.46938775510204067,2.1215125,27.0,22.631722,23.443293032895436
18,0.510204081632653,2.1215125,27.0,22.631722,23.39549836438463
18,0.5510204081632653,2.1215125,27.0,22.631722,23.347801136550558
18,0.5918367346938773,2.1215125,27.0,22.631722,23.30020115073748
18,0.6326530612244896,2.1215125,27.0,22.631722,23.25269820869465
18,0.6734693877551019,0.61225495,27.0,22.917892,23.20529211257552
18,0.7142857142857142,0.0,27.0,23.033981,23.15798266493688
18,0.7551020408163265,0.0,27.0,23.033981,23.110769668738072
18,0.7959183673469385,0.0,27.0,23.033981,23.063652927340137
18,0.8367346938775508,0.091496743,27.0,23.016632,23.01663224450502
18,0.8775510204081631,0.0,27.0,22.969707,22.969707424394734
18,0.9183673469387754,0.0,27.0,22.922878,22.922878271570568
18,0.9591836734693877,0.0,27.0,22.876145,22.876144590992247
18,1.0,0.0,27.0,22.829506,22.829506188017135
19,-1.0,10.727212,26.0,21.0,25.230506313024577
19,-0.9591836734693877,10.727212,26.0,21.0,25.179067989752383
19,-0.9183673469387755,10.727212,26.0,21.0,25.127734535604425
19,-0.8775510204081632,10.727212,26.0,21.0,25.07650573678032
19,-0.8367346938775511,10.727212,26.0,21.0,25.025381379915565
19,-0.7959183673469388,10.727212,26.0,21.0,24.97436125208065
19,-0.7551020408163265,10.727212,26.0,21.0,24.92344514078019
19,-0.7142857142857143,10.727212,26.0,21.0,24.87263283395199
19,-0.6734693877551021,10.727212,26.0,21.0,24.821924119966216
19,-0.6326530612244898,10.727212,26.0,21.0,24.771318787624484
19,-0.5918367346938775,10.727212,26.0,21.0,24.720816626158992
19,-0.5510204081632654,10.727212,26.0,21.0,24.67041742523164
19,-0.5102040816326531,10.727212,26.0,21.0,24.620120974933144
19,-0.4693877551020409,10.727212,26.0,21.0,24.569927065782167
19,-0.4285714285714286,10.727212,26.0,21.0,24.519835488724453
19,-0.3877551020408164,10.727212,26.0,21.0,24.469846035131965
19,-0.34693877551020413,10.727212,26.0,21.0,24.419958496801975
19,-0.30612244897959184,10.727212,26.0,21.0,24.37017266595626
19,-0.26530612244897966,10.727212,26.0,21.0,24.32048833524017
19,-0.22448979591836737,10.727212,26.0,21.0,24.27090529772182
19,-0.1836734693877552,10.727212,26.0,21.0,24.22142334689119
19,-0.1428571428571429,10.727212,26.0,21.0,24.172042276659283
19,-0.10204081632653073,10.727212,26.0,21.0,24.122761881357267
19,-0.061224489795918435,10.727212,26.0,21.0,24.073581955735605
19,-0.020408163265306145,10.727212,26.0,21.0,24.02450229496322
19,0.020408163265306145,7.0546725,26.0,21.696348,23.975522694626623
19,0.06122448979591821,7.0546725,26.0,21.696348,23.92664295072908
19,0.1020408163265305,7.0546725,26.0,21.696348,23.877862859689742
19,0.1428571428571428,7.0546725,26.0,21.696348,23.829182218342808
19,0.18367346938775508,7.0546725,26.0,21.696348,23.780600823936688
19,0.22448979591836715,7.0546725,26.0,21.696348,23.73211847413314
19,0.26530612244897944,7.0546725,26.0,21.696348,23.683734967006444
19,0.30612244897959173,7.0546725,26.0,21.696348,23.635450101042537
19,0.346938775510204,7.0546725,26.0,21.696348,23.58726367513821
19,0.3877551020408163,2.8351115,26.0,22.496417,23.539175488600236
19,0.4285714285714284,0.97583968,26.0,22.848952,23.491185341144558
19,0.46938775510204067,0.97583968,26.0,22.848952,23.443293032895436
19,0.510204081632653,0.97583968,26.0,22.848952,23.39549836438463
19,0.5510204081632653,0.97583968,26.0,22.848952,23.347801136550558
19,0.5918367346938773,0.97583968,26.0,22.848952,23.30020115073748
19,0.6326530612244896,0.97583968,26.0,22.848952,23.25269820869465
19,0.6734693877551019,0.97583968,26.0,22.848952,23.20529211257552
19,0.7142857142857142,0.0,26.0,23.033981,23.15798266493688
19,0.7551020408163265,0.0,26.0,23.033981,23.110769668738072
19,0.7959183673469385,0.0,26.0,23.033981,23.063652927340137
19,0.8367346938775508,0.091496743,26.0,23.016632,23.01663224450502
19,0.8775510204081631,0.33897817,26.0,22.969707,22.969707424394734
19,0.9183673469387754,0.0,26.0,22.922878,22.922878271570568
19,0.9591836734693877,0.0,26.0,22.876145,22.876144590992247
19,1.0,0.0,26.0,22.829506,22.829506188017135
20,-1.0,12.0,26.0,21.014448,25.230506313024577
20,-0.9591836734693877,12.0,26.0,21.014448,25.179067989752383
20,-0.9183673469387755,12.0,26.0,21.014448,25.127734535604425
20,-0.8775510204081632,12.0,26.0,21.014448,25.07650573678032
20,-0.8367346938775511,12.0,26.0,21.014448,25.025381379915565
20,-0.7959183673469388,12.0,26.0,21.014448,24.97436125208065
20,-0.7551020408163265,12.0,26.0,21.014448,24.92344514078019
20,-0.7142857142857143,12.0,26.0,21.014448,24.87263283395199
20,-0.6734693877551021,12.0,26.0,21.014448,24.821924119966216
20,-0.6326530612244898,12.0,26.0,21.014448,24.771318787624484
20,-0.5918367346938775,12.0,26.0,21.014448,24.720816626158992
20,-0.5510204081632654,12.0,26.0,21.014448,24.67041742523164
20,-0.5102040816326531,12.0,26.0,21.014448,24.620120974933144
20,-0.4693877551020409,12.0,26.0,21.014448,24.569927065782167
20,-0.4285714285714286,12.0,26.0,21.014448,24.519835488724453
20,-0.3877551020408164,12.0,26.0,21.014448,24.469846035131965
20,-0.34693877551020413,12.0,26.0,21.014448,24.419958496801975
20,-0.30612244897959184,12.0,26.0,21.014448,24.37017266595626
20,-0.26530612244897966,12.0,26.0,21.014448,24.32048833524017
20,-0.22448979591836737,12.0,26.0,21.014448,24.27090529772182
20,-0.1836734693877552,12.0,26.0,21.014448,24.22142334689119
20,-0.1428571428571429,12.0,26.0,21.014448,24.172042276659283
20,-0.10204081632653073,12.0,26.0,21.014448,24.122761881357267
20,-0.061224489795918435,12.0,26.0,21.014448,24.073581955735605
20,-0.020408163265306145,12.0,26.0,21.014448,24.02450229496322
20,0.020408163265306145,6.5996954,26.0,22.038397,23.975522694626623
20,0.06122448979591821,6.5996954,26.0,22.038397,23.92664295072908
20,0.1020408163265305,6.5996954,26.0,22.038397,23.877862859689742
20,0.1428571428571428,6.5996954,26.0,22.038397,23.829182218342808
20,0.18367346938775508,6.5996954,26.0,22.038397,23.780600823936688
20,0.22448979591836715,6.5996954,26.0,22.038397,23.73211847413314
20,0.26530612244897944,6.5996954,26.0,22.038397,23.683734967006444
20,0.30612244897959173,6.5996954,26.0,22.038397,23.635450101042537
20,0.346938775510204,6.5996954,26.0,22.038397,23.58726367513821
20,0.3877551020408163,4.5602149,26.0,22.425102,23.539175488600236
20,0.4285714285714284,2.6522666,26.0,22.786867,23.491185341144558
20,0.46938775510204067,0.0,26.0,23.289761,23.443293032895436
20,0.510204081632653,0.0,26.0,23.289761,23.39549836438463
20,0.5510204081632653,0.0,26.0,23.289761,23.347801136550558
20,0.5918367346938773,0.0,26.0,23.289761,23.30020115073748
20,0.6326530612244896,0.19547133,26.0,23.252698,23.25269820869465
20,0.6734693877551019,0.445491,26.0,23.205292,23.20529211257552
20,0.7142857142857142,0.69500095,26.0,23.157983,23.15798266493688
20,0.7551020408163265,0.94400221,26.0,23.11077,23.110769668738072
20,0.7959183673469385,1.1924958,26.0,23.063653,23.063652927340137
20,0.8367346938775508,0.0,26.0,23.016632,23.01663224450502
20,0.8775510204081631,0.0,26.0,22.969707,22.969707424394734
20,0.9183673469387754,0.0,26.0,22.922878,22.922878271570568
20,0.9591836734693877,0.0,26.0,22.876145,22.876144590992247
20,1.0,0.0,26.0,22.829506,22.829506188017135
21,-1.0,12.0,27.0,21.124047,25.230506313024577
21,-0.9591836734693877,12.0,27.0,21.124047,25.179067989752383
21,-0.9183673469387755,12.0,27.0,21.124047,25.127734535604425
21,-0.8775510204081632,12.0,27.0,21.124047,25.07650573678032
21,-0.8367346938775511,12.0,27.0,21.124047,25.025381379915565
21,-0.7959183673469388,12.0,27.0,21.124047,24.97436125208065
21,-0.7551020408163265,12.0,27.0,21.124047,24.92344514078019
21,-0.7142857142857143,12.0,27.0,21.124047,24.87263283395199
21,-0.6734693877551021,12.0,27.0,21.124047,24.821924119966216
21,-0.6326530612244898,12.0,27.0,21.124047,24.771318787624484
21,-0.5918367346938775,12.0,27.0,21.124047,24.720816626158992
21,-0.5510204081632654,12.0,27.0,21.124047,24.67041742523164
21,-0.5102040816326531,12.0,27.0,21.124047,24.620120974933144
21,-0.4693877551020409,12.0,27.0,21.124047,24.569927065782167
21,-0.4285714285714286,12.0,27.0,21.124047,24.519835488724453
21,-0.3877551020408164,12.0,27.0,21.124047,24.469846035131965
21,-0.34693877551020413,12.0,27.0,21.124047,24.419958496801975
21,-0.30612244897959184,12.0,27.0,21.124047,24.37017266595626
21,-0.26530612244897966,12.0,27.0,21.124047,24.32048833524017
21,-0.22448979591836737,12.0,27.0,21.124047,24.27090529772182
21,-0.1836734693877552,12.0,27.0,21.124047,24.22142334689119
21,-0.1428571428571429,12.0,27.0,21.124047,24.172042276659283
21,-0.10204081632653073,12.0,27.0,21.124047,24.122761881357267
21,-0.061224489795918435,12.0,27.0,21.124047,24.073581955735605
21,-0.020408163265306145,12.0,27.0,21.124047,24.02450229496322
21,0.020408163265306145,5.3200323,27.0,22.390632,23.975522694626623
21,0.06122448979591821,5.3200323,27.0,22.390632,23.92664295072908
21,0.1020408163265305,5.3200323,27.0,22.390632,23.877862859689742
21,0.1428571428571428,5.3200323,27.0,22.390632,23.829182218342808
21,0.18367346938775508,5.3200323,27.0,22.390632,23.780600823936688
21,0.22448979591836715,5.3200323,27.0,22.390632,23.73211847413314
21,0.26530612244897944,5.3200323,27.0,22.390632,23.683734967006444
21,0.30612244897959173,5.3200323,27.0,22.390632,23.635450101042537
21,0.346938775510204,5.3200323,27.0,22.390632,23.58726367513821
21,0.3877551020408163,5.3200323,27.0,22.390632,23.539175488600236
21,0.4285714285714284,3.412084,27.0,22.752397,23.491185341144558
21,0.46938775510204067,0.0,27.0,23.39936,23.443293032895436
21,0.510204081632653,0.020368628,27.0,23.395498,23.39549836438463
21,0.5510204081632653,0.27192373,27.0,23.347801,23.347801136550558
21,0.5918367346938773,0.52296597,27.0,23.300201,23.30020115073748
21,0.6326530612244896,0.77349641,27.0,23.252698,23.25269820869465
21,0.6734693877551019,1.0235161,27.0,23.205292,23.20529211257552
21,0.7142857142857142,1.273026,27.0,23.157983,23.15798266493688
21,0.7551020408163265,1.5220273,27.0,23.11077,23.110769668738072
21,0.7959183673469385,1.7705209,27.0,23.063653,23.063652927340137
21,0.8367346938775508,0.0,27.0,23.016632,23.01663224450502
21,0.8775510204081631,0.0,27.0,22.969707,22.969707424394734
21,0.9183673469387754,0.0,27.0,22.922878,22.922878271570568
21,0.9591836734693877,0.0,27.0,22.876145,22.876144590992247
21,1.0,0.0,27.0,22.829506,22.829506188017135
22,-1.0,12.0,27.5,21.420756,25.230506313024577
22,-0.9591836734693877,12.0,27.5,21.420756,25.179067989752383
22,-0.9183673469387755,12.0,27.5,21.420756,25.127734535604425
22,-0.8775510204081632,12.0,27.5,21.420756,25.07650573678032
22,-0.8367346938775511,12.0,27.5,21.420756,25.025381379915565
22,-0.7959183673469388,12.0,27.5,21.420756,24.97436125208065
22,-0.7551020408163265,12.0,27.5,21.420756,24.92344514078019
22,-0.7142857142857143,12.0,27.5,21.420756,24.87263283395199
22,-0.6734693877551021,12.0,27.5,21.420756,24.821924119966216
22,-0.6326530612244898,12.0,27.5,21.420756,24.771318787624484
22,-0.5918367346938775,12.0,27.5,21.420756,24.720816626158992
22,-0.5510204081632654,12.0,27.5,21.420756,24.67041742523164
22,-0.5102040816326531,12.0,27.5,21.420756,24.620120974933144
22,-0.4693877551020409,12.0,27.5,21.420756,24.569927065782167
22,-0.4285714285714286,12.0,27.5,21.420756,24.519835488724453
22,-0.3877551020408164,12.0,27.5,21.420756,24.469846035131965
22,-0.34693877551020413,12.0,27.5,21.420756,24.419958496801975
22,-0.30612244897959184,12.0,27.5,21.420756,24.37017266595626
22,-0.26530612244897966,12.0,27.5,21.420756,24.32048833524017
22,-0.22448979591836737,12.0,27.5,21.420756,24.27090529772182
22,-0.1836734693877552,12.0,27.5,21.420756,24.22142334689119
22,-0.1428571428571429,12.0,27.5,21.420756,24.172042276659283
22,-0.10204081632653073,12.0,27.5,21.420756,24.122761881357267
22,-0.061224489795918435,12.0,27.5,21.420756,24.073581955735605
22,-0.020408163265306145,12.0,27.5,21.420756,24.02450229496322
22,0.020408163265306145,4.9769274,27.5,22.752397,23.975522694626623
22,0.06122448979591821,4.9769274,27.5,22.752397,23.92664295072908
22,0.1020408163265305,4.9769274,27.5,22.752397,23.877862859689742
22,0.1428571428571428,4.9769274,27.5,22.752397,23.829182218342808
22,0.18367346938775508,4.9769274,27.5,22.752397,23.780600823936688
22,0.22448979591836715,4.9769274,27.5,22.752397,23.73211847413314
22,0.26530612244897944,4.9769274,27.5,22.752397,23.683734967006444
22,0.30612244897959173,4.9769274,27.5,22.752397,23.635450101042537
22,0.346938775510204,4.9769274,27.5,22.752397,23.58726367513821
22,0.3877551020408163,4.9769274,27.5,22.752397,23.539175488600236
22,0.4285714285714284,4.9769274,27.5,22.752397,23.491185341144558
22,0.46938775510204067,1.333143,27.5,23.443293,23.443293032895436
22,0.510204081632653,1.585212,27.5,23.395498,23.39549836438463
22,0.5510204081632653,0.0,27.5,23.347801,23.347801136550558
22,0.5918367346938773,0.0,27.5,23.300201,23.30020115073748
22,0.6326530612244896,0.0,27.5,23.252698,23.25269820869465
22,0.6734693877551019,0.0,27.5,23.205292,23.20529211257552
22,0.7142857142857142,0.0,27.5,23.157983,23.15798266493688
22,0.7551020408163265,0.0,27.5,23.11077,23.110769668738072
22,0.7959183673469385,0.0,27.5,23.063653,23.063652927340137
22,0.8367346938775508,0.0,27.5,23.016632,23.01663224450502
22,0.8775510204081631,0.0,27.5,22.969707,22.969707424394734
22,0.9183673469387754,0.0,27.5,22.922878,22.922878271570568
22,0.9591836734693877,0.0,27.5,22.876145,22.876144590992247
22,1.0,0.0,27.5,22.829506,22.829506188017135
23,-1.0,12.0,28.0,21.428312,25.230506313024577
23,-0.9591836734693877,12.0,28.0,21.428312,25.179067989752383
23,-0.9183673469387755,12.0,28.0,21.428312,25.127734535604425
23,-0.8775510204081632,12.0,28.0,21.428312,25.07650573678032
23,-0.8367346938775511,12.0,28.0,21.428312,25.025381379915565
23,-0.7959183673469388,12.0,28.0,21.428312,24.97436125208065
23,-0.7551020408163265,12.0,28.0,21.428312,24.92344514078019
23,-0.7142857142857143,12.0,28.0,21.428312,24.87263283395199
23,-0.6734693877551021,12.0,28.0,21.428312,24.821924119966216
23,-0.6326530612244898,12.0,28.0,21.428312,24.771318787624484
23,-0.5918367346938775,12.0,28.0,21.428312,24.720816626158992
23,-0.5510204081632654,12.0,28.0,21.428312,24.67041742523164
23,-0.5102040816326531,12.0,28.0,21.428312,24.620120974933144
23,-0.4693877551020409,12.0,28.0,21.428312,24.569927065782167
23,-0.4285714285714286,12.0,28.0,21.428312,24.519835488724453
23,-0.3877551020408164,12.0,28.0,21.428312,24.469846035131965
23,-0.34693877551020413,12.0,28.0,21.428312,24.419958496801975
23,-0.30612244897959184,12.0,28.0,21.428312,24.37017266595626
23,-0.26530612244897966,12.0,28.0,21.428312,24.32048833524017
23,-0.22448979591836737,12.0,28.0,21.428312,24.27090529772182
23,-0.1836734693877552,12.0,28.0,21.428312,24.22142334689119
23,-0.1428571428571429,12.0,28.0,21.428312,24.172042276659283
23,-0.10204081632653073,12.0,28.0,21.428312,24.122761881357267
23,-0.061224489795918435,12.0,28.0,21.428312,24.073581955735605
23,-0.020408163265306145,12.0,28.0,21.428312,24.02450229496322
23,0.020408163265306145,3.2318814,28.0,23.090831,23.975522694626623
23,0.06122448979591821,3.2318814,28.0,23.090831,23.92664295072908
23,0.1020408163265305,3.2318814,28.0,23.090831,23.877862859689742
23,0.1428571428571428,3.2318814,28.0,23.090831,23.829182218342808
23,0.18367346938775508,3.2318814,28.0,23.090831,23.780600823936688
23,0.22448979591836715,3.2318814,28.0,23.090831,23.73211847413314
23,0.26530612244897944,3.2318814,28.0,23.090831,23.683734967006444
23,0.30612244897959173,3.2318814,28.0,23.090831,23.635450101042537
23,0.346938775510204,3.2318814,28.0,23.090831,23.58726367513821
23,0.3877551020408163,3.2318814,28.0,23.090831,23.539175488600236
23,0.4285714285714284,3.2318814,28.0,23.090831,23.491185341144558
23,0.46938775510204067,1.372996,28.0,23.443293,23.443293032895436
23,0.510204081632653,1.625065,28.0,23.395498,23.39549836438463
23,0.5510204081632653,0.0,28.0,23.347801,23.347801136550558
23,0.5918367346938773,0.0,28.0,23.300201,23.30020115073748
23,0.6326530612244896,0.0,28.0,23.252698,23.25269820869465
23,0.6734693877551019,0.0,28.0,23.205292,23.20529211257552
23,0.7142857142857142,0.0,28.0,23.157983,23.15798266493688
23,0.7551020408163265,0.0,28.0,23.11077,23.110769668738072
23,0.7959183673469385,0.0,28.0,23.063653,23.063652927340137
23,0.8367346938775508,0.0,28.0,23.016632,23.01663224450502
23,0.8775510204081631,0.0,28.0,22.969707,22.969707424394734
23,0.9183673469387754,0.0,28.0,22.922878,22.922878271570568
23,0.9591836734693877,0.0,28.0,22.876145,22.876144590992247
23,1.0,0.0,28.0,22.829506,22.829506188017135
24,-1.0,12.0,28.0,21.428312,25.230506313024577
24,-0.9591836734693877,12.0,28.0,21.428312,25.179067989752383
24,-0.9183673469387755,12.0,28.0,21.428312,25.127734535604425
24,-0.8775510204081632,12.0,28.0,21.428312,25.07650573678032
24,-0.8367346938775511,12.0,28.0,21.428312,25.025381379915565
24,-0.7959183673469388,12.0,28.0,21.428312,24.97436125208065
24,-0.7551020408163265,12.0,28.0,21.428312,24.92344514078019
24,-0.7142857142857143,12.0,28.0,21.428312,24.87263283395199
24,-0.6734693877551021,12.0,28.0,21.428312,24.821924119966216
24,-0.6326530612244898,12.0,28.0,21.428312,24.771318787624484
24,-0.5918367346938775,12.0,28.0,21.428312,24.720816626158992
24,-0.5510204081632654,12.0,28.0,21.428312,24.67041742523164
24,-0.5102040816326531,12.0,28.0,21.428312,24.620120974933144
24,-0.4693877551020409,12.0,28.0,21.428312,24.569927065782167
24,-0.4285714285714286,12.0,28.0,21.428312,24.519835488724453
24,-0.3877551020408164,12.0,28.0,21.428312,24.469846035131965
24,-0.34693877551020413,12.0,28.0,21.428312,24.419958496801975
24,-0.30612244897959184,12.0,28.0,21.428312,24.37017266595626
24,-0.26530612244897966,12.0,28.0,21.428312,24.32048833524017
24,-0.22448979591836737,12.0,28.0,21.428312,24.27090529772182
24,-0.1836734693877552,12.0,28.0,21.428312,24.22142334689119
24,-0.1428571428571429,12.0,28.0,21.428312,24.172042276659283
24,-0.10204081632653073,12.0,28.0,21.428312,24.122761881357267
24,-0.061224489795918435,12.0,28.0,21.428312,24.073581955735605
24,-0.020408163265306145,12.0,28.0,21.428312,24.02450229496322
24,0.020408163265306145,0.0,28.0,23.703626,23.975522694626623
24,0.06122448979591821,0.0,28.0,23.703626,23.92664295072908
24,0.1020408163265305,0.0,28.0,23.703626,23.877862859689742
24,0.1428571428571428,0.0,28.0,23.703626,23.829182218342808
24,0.18367346938775508,0.0,28.0,23.703626,23.780600823936688
24,0.22448979591836715,0.0,28.0,23.703626,23.73211847413314
24,0.26530612244897944,0.10490562,28.0,23.683735,23.683734967006444
24,0.30612244897959173,0.35955992,28.0,23.63545,23.635450101042537
24,0.346938775510204,0.61369506,28.0,23.587264,23.58726367513821
24,0.3877551020408163,0.86731207,28.0,23.539175,23.539175488600236
24,0.4285714285714284,1.120412,28.0,23.491185,23.491185341144558
24,0.46938775510204067,1.372996,28.0,23.443293,23.443293032895436
24,0.510204081632653,1.625065,28.0,23.395498,23.39549836438463
24,0.5510204081632653,0.0,28.0,23.347801,23.347801136550558
24,0.5918367346938773,0.0,28.0,23.300201,23.30020115073748
24,0.6326530612244896,0.0,28.0,23.252698,23.25269820869465
24,0.6734693877551019,0.0,28.0,23.205292,23.20529211257552
24,0.7142857142857142,0.0,28.0,23.157983,23.15798266493688
24,0.7551020408163265,0.0,28.0,23.11077,23.110769668738072
24,0.7959183673469385,0.0,28.0,23.063653,23.063652927340137
24,0.8367346938775508,0.0,28.0,23.016632,23.01663224450502
24,0.8775510204081631,0.0,28.0,22.969707,22.969707424394734
24,0.9183673469387754,0.0,28.0,22.922878,22.922878271570568
24,0.9591836734693877,0.0,28.0,22.876145,22.876144590992247
24,1.0,0.0,28.0,22.829506,22.829506188017135
